{"prediction": 0, "probability": 0.4396996796131134, "status": "Normal", "feature_importance": {"f0": 62.42212677001953, "f1": 8.625359535217285, "f2": 18.788694381713867, "f3": 6.722928047180176, "f4": 12.454289436340332, "f5": 6.311973571777344}, "prediction_id": "f0735d92-24d8-4dfd-82e7-eadd0f5ff6c5", "timestamp": 